{"cameraMode":{"drawMode":0,"name":"Shaded","section":"Shading Mode"},"sceneLighting":true,"audioPlay":false,"sceneViewState":{"showFog":true,"showMaterialUpdate":true,"showSkybox":true,"showFlares":true,"showImageEffects":true,"showParticleSystems":true},"in2DMode":false,"pivot":{"x":1.8762481212615967,"y":-3.3444223403930666,"z":4.585562705993652},"rotation":{"x":0.6634332537651062,"y":-0.0011223547626286746,"z":0.0009951784741133452,"w":0.748234748840332},"size":17.77797508239746,"orthographic":false}